date,user_id,item_id,rating
2024-02-16,1,212,3.4
2024-02-01,1,132,1.12
2023-12-17,1,34,4.12
2024-04-19,1,59,1.71
2022-10-28,1,187,1.89
2023-04-19,1,147,4.28
2024-11-16,1,125,2.52
2024-06-27,1,271,1.28
2024-07-05,1,128,4.27
2024-10-13,2,291,2.21
2024-04-26,2,271,3.56
2022-06-19,2,166,3.22
2024-07-05,2,175,3.28
2023-11-28,2,95,4.19
2023-10-23,2,129,3.61
2024-06-01,2,229,4.11
2024-02-07,2,201,3.76
2023-01-15,2,159,2.31
2023-04-12,2,100,1.61
2023-03-09,2,164,3.65
2024-02-13,2,233,1.16
2024-09-26,2,11,2.86
2024-02-03,2,48,4.98
2024-03-09,2,242,1.42
2022-12-29,3,197,3.58
2024-05-24,3,94,4.88
2023-11-01,3,227,4.57
2023-08-21,3,219,4.37
2023-03-07,3,122,2.22
2022-08-20,3,291,1.08
2024-01-31,3,96,1.77
2023-08-26,3,119,2.58
2023-07-06,3,213,1.98
2024-05-31,4,71,2.87
2022-09-10,4,115,4.09
2023-03-23,4,173,3.34
2024-01-24,4,75,1.85
2024-06-01,4,287,4.35
2024-10-18,4,225,4.01
2023-04-27,4,171,4.48
2024-12-09,4,298,2.88
2022-05-05,4,108,1.63
2023-03-19,4,158,1.89
2024-11-15,4,160,4.37
2024-06-29,4,85,3.25
2022-04-19,4,179,2.13
2022-02-27,4,213,4.36
2023-07-21,4,54,2.42
2023-10-11,5,29,3.13
2024-10-08,5,68,2.14
2023-02-17,5,30,2.16
2024-05-10,5,12,1.38
2023-11-25,5,300,4.99
2023-11-26,5,25,4.66
2024-11-21,5,113,3.74
2024-12-01,5,149,2.43
2024-04-25,6,168,1.58
2023-08-21,6,215,1.88
2024-08-29,6,46,4.51
2024-09-05,6,46,4.46
2024-12-31,6,102,1.77
2024-11-14,6,249,2.92
2023-04-06,6,91,2.33
2023-10-27,6,200,3.61
2022-06-25,6,293,1.61
2024-03-19,7,120,3.83
2022-11-26,7,130,3.62
2022-04-03,7,112,4.2
2024-01-07,7,267,1.03
2024-10-04,7,62,2.26
2023-06-01,7,190,4.98
2023-05-18,7,246,1.39
2024-06-12,7,208,3.58
2024-03-07,7,288,3.26
2023-10-20,7,117,4.46
2022-05-09,7,201,2.01
2024-04-29,7,219,3.71
2022-10-30,7,83,1.75
2022-04-20,7,110,1.19
2024-06-16,7,62,4.49
2022-06-16,7,155,4.54
2022-12-23,8,68,2.03
2022-03-07,8,46,2.29
2022-03-11,8,190,4.03
2023-11-18,8,1,2.26
2022-05-24,8,73,1.39
2023-04-15,8,85,1.12
2023-01-08,9,225,1.36
2023-05-09,9,257,2.87
2023-03-26,9,31,1.32
2022-06-07,9,244,1.96
2022-04-05,9,171,3.87
2024-12-12,9,259,3.06
2024-11-14,9,66,4.29
2024-09-21,9,132,4.23
2023-07-26,9,8,3.73
2022-12-18,9,33,3.51
2024-06-18,9,51,2.84
2024-12-14,9,249,4.1
2023-10-21,9,72,4.97
2024-01-20,9,185,2.84
2023-04-22,9,206,3.42
2022-08-24,9,300,1.14
2024-09-30,9,124,3.94
2024-04-21,10,169,4.78
2024-05-29,10,100,4.56
2023-08-07,10,90,2.4
2023-12-18,10,162,4.14
2024-12-29,10,170,1.02
2022-08-02,10,32,1.96
2022-05-20,10,121,2.81
2023-09-15,11,96,3.41
2022-07-31,11,255,4.31
2023-08-25,11,30,4.03
2022-12-17,11,179,4.52
2022-05-22,11,261,3.02
2022-05-25,11,104,1.76
2023-05-08,11,156,1.08
2023-05-08,11,288,1.07
2022-04-24,12,273,3.43
2022-10-12,12,290,2.02
2022-10-16,12,196,3.43
2023-04-06,12,258,4.02
2022-10-21,12,87,3.48
2024-11-19,12,142,1.39
2023-05-31,12,78,3.98
2024-06-29,12,116,1.4
2023-08-16,12,264,2.95
2024-11-18,12,259,1.4
2023-04-13,12,180,1.29
2023-03-09,13,147,3.46
2024-11-06,13,167,4.5
2024-09-10,13,243,1.45
2022-07-28,13,247,2.51
2022-06-14,13,20,2.13
2022-01-12,13,283,2.43
2023-03-09,13,113,1.03
2022-01-03,13,265,3.51
2024-09-27,13,71,2.86
2024-07-21,13,54,4.42
2024-02-14,13,5,3.59
2023-01-31,13,179,3.3
2024-03-25,14,59,3.73
2023-11-27,14,71,2.87
2024-11-19,14,57,3.55
2022-07-16,14,76,2.72
2024-08-07,14,4,2.74
2023-02-17,14,272,2.43
2023-04-08,14,12,1.04
2023-02-02,15,177,2.38
2022-11-14,15,50,3.66
2023-09-29,15,90,2.47
2024-12-26,15,15,1.37
2023-11-02,15,194,2.56
2022-08-11,15,165,3.28
2024-07-17,15,242,3.77
2022-09-22,16,81,1.46
2022-09-20,16,162,1.27
2022-12-19,16,10,4.83
2022-09-12,16,272,1.69
2023-09-16,16,225,3.25
2023-09-19,16,54,2.95
2023-03-18,16,84,4.48
2024-01-12,16,154,3.49
2022-02-04,16,164,2.03
2022-07-20,16,5,1.48
2023-03-10,16,49,4.37
2022-05-11,16,198,1.8
2024-03-29,16,73,3.69
2023-06-05,16,88,2.91
2023-08-12,16,191,4.58
2024-12-23,17,262,1.99
2023-06-30,17,221,1.55
2023-12-01,17,1,2.05
2023-04-07,17,36,3.47
2024-09-03,17,114,3.72
2022-10-06,17,143,4.23
2022-08-21,17,232,1.38
2022-07-24,17,71,1.97
2024-08-03,17,149,4.12
2024-08-08,18,67,3.79
2024-02-22,18,146,2.65
2024-10-18,18,111,3.72
2024-02-27,18,50,1.57
2024-10-21,18,227,2.23
2022-12-01,18,73,4.37
2024-02-12,18,266,4.66
2022-08-12,18,130,1.99
2023-04-29,18,127,3.42
2023-01-11,18,38,2.7
2023-02-17,18,11,3.42
2022-06-12,19,111,1.57
2023-02-23,19,46,1.0
2024-08-20,19,278,4.83
2024-12-13,19,79,2.22
2022-04-14,19,52,3.73
2024-10-15,19,54,3.98
2024-07-05,19,113,3.17
2023-11-16,19,199,1.0
2022-03-31,19,276,1.14
2023-08-01,20,107,4.85
2023-12-05,20,172,1.79
2024-06-05,20,277,1.12
2024-06-08,20,36,3.98
2024-04-20,20,153,3.18
2022-07-13,20,214,2.64
2024-07-24,20,260,4.67
2024-02-03,20,97,1.19
2022-06-30,21,220,4.91
2023-10-21,21,39,3.63
2023-12-17,21,50,1.8
2022-12-28,21,18,2.48
2024-11-11,21,107,3.33
2023-05-30,21,237,2.01
2024-10-01,21,55,1.99
2024-06-07,21,243,1.36
2023-05-24,22,265,2.88
2022-08-27,22,155,2.11
2024-02-16,22,292,1.1
2022-12-14,22,11,4.61
2024-08-01,22,115,4.2
2022-06-30,22,288,4.06
2023-01-05,22,146,1.69
2023-12-20,23,84,4.58
2022-09-13,23,74,3.86
2024-09-29,23,174,1.77
2023-07-16,23,140,4.0
2024-05-20,23,7,1.76
2024-09-08,23,106,3.94
2022-12-26,23,105,1.57
2022-04-23,23,25,3.38
2023-04-08,23,275,2.67
2024-03-09,23,216,4.47
2024-02-07,24,61,1.2
2022-01-26,24,255,1.24
2024-07-18,24,198,1.08
2022-05-07,24,266,3.4
2023-05-20,24,137,1.52
2023-01-24,24,95,3.83
2022-09-18,24,295,4.44
2022-11-16,24,52,3.33
2022-11-06,24,247,3.38
2022-06-08,25,87,4.14
2024-09-14,25,63,2.74
2024-08-28,25,200,4.31
2022-12-05,25,60,1.83
2024-06-24,25,8,3.96
2024-12-16,25,185,1.21
2023-02-18,25,162,1.03
2022-06-07,25,142,3.78
2022-10-13,25,136,3.73
2024-11-30,25,229,4.84
2024-04-05,25,289,3.67
2022-05-20,25,139,4.15
2022-07-26,25,7,4.23
2023-12-20,25,178,1.71
2024-08-31,25,298,4.92
2024-08-23,25,136,1.58
2024-03-27,25,132,2.93
2023-03-31,25,190,2.85
2023-07-22,25,97,1.63
2024-02-14,26,8,3.61
2023-10-31,26,170,4.72
2024-11-25,26,88,3.41
2022-08-07,26,234,1.15
2023-08-10,26,75,1.24
2022-02-09,26,133,4.21
2024-01-09,26,239,3.47
2024-01-27,26,209,2.63
2024-03-18,27,300,1.85
2024-02-19,27,41,3.23
2023-12-19,27,64,2.01
2024-06-13,27,101,2.83
2022-06-06,27,241,2.75
2022-01-11,27,198,1.89
2023-03-30,27,175,3.74
2024-06-07,27,28,1.38
2024-03-20,27,54,3.32
2022-04-27,28,265,2.17
2024-11-12,28,204,1.23
2023-11-25,28,268,3.94
2023-04-02,28,234,1.25
2024-07-09,28,130,3.29
2024-04-07,28,28,4.13
2023-02-05,28,70,1.18
2022-03-24,28,216,2.51
2024-08-08,28,266,2.74
2024-08-20,28,236,2.19
2023-03-01,29,274,2.61
2023-04-28,29,51,4.03
2023-07-26,29,16,2.46
2024-10-26,29,39,4.67
2023-12-11,29,101,3.8
2024-08-15,30,45,1.13
2022-05-13,30,278,3.79
2024-01-27,30,171,4.56
2023-08-23,30,91,1.22
2022-01-28,30,96,2.27
2023-12-26,30,78,1.42
2022-10-29,30,276,1.66
2022-06-18,31,103,4.58
2024-12-13,31,11,3.6
2024-02-28,31,255,2.93
2023-01-15,31,150,4.28
2023-09-21,31,38,3.6
2023-01-09,31,30,2.1
2023-01-23,31,25,3.74
2023-06-26,31,29,1.3
2022-12-14,31,31,4.91
2023-09-15,31,269,2.48
2022-08-01,31,187,2.13
2022-05-30,31,153,4.23
2023-04-24,32,7,3.39
2024-04-24,32,86,3.22
2024-03-10,32,36,1.87
2024-12-29,32,270,1.01
2024-11-17,32,83,4.7
2023-07-26,32,161,1.97
2023-11-10,32,100,3.41
2023-05-01,33,146,1.97
2022-02-10,33,66,4.49
2023-03-28,33,276,4.62
2022-08-24,33,238,2.62
2023-12-14,33,15,2.78
2023-05-22,33,256,3.37
2022-10-11,33,49,2.53
2023-07-20,34,113,4.53
2024-08-28,34,293,4.93
2022-05-06,34,298,3.75
2024-04-01,34,37,2.93
2023-01-11,34,230,3.42
2024-03-08,34,138,4.14
2023-04-25,34,211,2.62
2023-12-15,34,5,1.2
2022-02-01,34,9,1.01
2023-05-03,35,150,1.01
2023-11-24,35,12,4.17
2024-04-14,35,167,3.32
2024-03-22,35,145,1.1
2023-12-20,35,174,3.53
2024-03-04,35,84,2.1
2024-05-01,35,229,2.22
2022-04-08,35,30,3.53
2024-01-12,36,262,3.86
2024-08-22,36,216,1.97
2022-05-06,36,234,4.26
2024-09-29,36,215,1.81
2023-01-14,36,247,1.68
2024-08-28,36,238,2.19
2022-09-11,36,10,4.36
2024-07-10,36,106,4.0
2022-12-12,36,297,1.68
2024-07-13,36,192,2.26
2024-06-29,36,295,4.11
2024-11-08,36,27,4.01
2022-09-15,36,89,1.35
2024-02-21,36,189,3.09
2024-04-04,36,92,2.97
2023-12-28,36,95,3.72
2023-05-11,37,185,2.71
2022-10-29,37,18,3.33
2023-06-14,37,293,2.8
2024-09-29,37,183,1.57
2022-11-28,37,61,3.4
2024-03-25,37,94,3.38
2024-11-15,37,108,4.05
2023-08-24,37,240,3.24
2023-07-13,37,111,4.92
2024-11-03,37,9,2.82
2023-11-01,37,250,4.36
2023-11-17,37,139,4.92
2024-01-26,37,31,2.14
2023-05-17,37,87,1.84
2022-06-06,37,228,3.86
2024-06-17,37,297,3.99
2022-10-16,38,156,2.23
2022-09-18,38,132,4.04
2022-03-15,38,250,2.48
2024-05-31,38,228,3.5
2022-10-14,38,10,2.08
2023-03-04,38,142,3.16
2022-12-08,38,158,4.99
2023-01-03,38,164,1.26
2022-08-06,38,130,1.93
2024-01-27,39,220,1.44
2023-06-27,39,197,4.85
2024-08-13,39,207,2.88
2024-03-08,39,71,3.17
2022-08-06,39,222,1.72
2023-04-13,39,67,1.34
2023-09-24,39,103,3.67
2022-12-27,39,78,1.09
2023-05-14,39,29,1.92
2024-12-22,40,129,3.88
2023-03-27,40,190,2.66
2022-12-30,40,35,1.62
2024-12-06,40,159,2.46
2024-08-08,40,217,2.43
2023-11-29,40,271,3.63
2023-08-18,40,81,2.6
2024-03-07,40,272,3.1
2023-02-21,40,147,4.44
2023-03-07,40,231,4.53
2023-03-16,40,164,2.49
2024-07-31,40,71,2.77
2024-07-29,40,46,2.53
2023-11-14,41,125,1.73
2024-06-28,41,200,1.69
2023-07-04,41,9,1.68
2023-08-30,41,67,3.15
2023-02-21,41,296,4.39
2022-03-05,41,284,4.98
2024-10-30,41,108,1.62
2024-01-09,41,157,2.47
2023-12-18,41,92,3.61
2023-09-12,41,17,1.38
2022-05-06,41,201,4.36
2022-06-12,41,173,3.5
2022-09-28,41,51,3.65
2024-07-16,42,169,3.84
2023-02-27,42,166,4.22
2024-03-09,42,270,1.6
2022-01-03,42,32,4.46
2023-05-27,42,113,1.43
2023-06-03,43,235,4.47
2024-05-02,43,268,3.71
2024-08-21,43,271,1.56
2023-07-28,43,173,4.79
2023-03-01,44,281,1.29
2022-03-02,44,264,3.14
2023-03-14,44,257,4.81
2022-08-16,44,138,1.25
2023-02-27,44,160,1.06
2024-12-18,44,226,1.88
2024-06-17,44,39,1.98
2023-09-22,45,16,3.06
2022-01-08,45,203,1.56
2022-09-15,45,281,3.61
2022-08-15,45,274,4.19
2022-01-24,45,37,1.03
2022-04-19,45,169,1.45
2023-08-05,45,126,1.13
2023-05-30,46,127,3.71
2024-07-05,46,26,2.93
2022-02-24,46,262,3.48
2022-07-21,46,95,1.47
2024-08-26,46,118,2.01
2022-04-07,46,252,2.96
2022-05-25,46,251,3.49
2022-07-02,46,66,3.98
2023-01-05,47,297,1.27
2022-07-29,47,104,3.6
2022-05-25,47,261,1.39
2024-10-20,47,217,2.71
2023-06-17,47,207,3.74
2024-09-23,47,6,3.19
2023-10-15,47,139,4.22
2024-12-28,47,63,2.76
2024-06-29,48,161,1.78
2023-04-07,48,274,1.92
2022-04-26,48,99,3.57
2024-06-16,48,117,3.39
2024-02-27,48,33,3.63
2022-01-04,48,186,4.99
2023-03-09,48,88,1.87
2024-05-19,48,229,3.15
2023-05-09,48,179,4.81
2022-02-18,48,150,3.37
2023-08-26,48,284,3.84
2024-11-05,48,116,3.43
2024-06-20,48,53,1.83
2024-02-16,48,113,2.8
2023-07-02,48,244,4.24
2022-09-09,48,225,2.46
2023-12-07,48,290,3.84
2023-08-12,49,239,3.29
2023-05-02,49,116,3.27
2024-09-25,49,36,1.87
2022-06-28,49,294,4.97
2024-12-17,49,142,1.33
2023-03-17,49,198,1.84
2022-06-30,49,193,4.26
2022-02-24,49,88,1.43
2024-02-10,50,78,3.64
2022-11-03,50,20,3.29
2024-01-28,50,127,3.43
2024-03-24,50,146,4.56
2022-04-26,50,109,1.47
2023-08-02,50,209,1.18
2023-05-25,50,191,4.31
2023-09-13,50,95,4.95
2024-05-19,51,100,1.74
2022-06-05,51,148,2.79
2024-06-23,51,264,4.58
2023-11-26,51,281,1.92
2024-06-24,51,260,4.96
2024-12-16,51,107,1.65
2023-04-17,52,128,1.19
2022-01-17,52,25,3.34
2022-07-08,52,245,3.99
2024-03-09,52,132,2.9
2023-11-07,52,108,3.34
2024-10-07,52,246,2.32
2023-11-22,52,214,2.43
2023-05-17,52,170,3.31
2023-01-27,52,26,1.65
2022-12-27,52,55,4.77
2023-12-24,52,235,1.6
2024-03-07,52,74,4.38
2022-10-11,52,41,2.84
2024-09-25,52,9,1.4
2022-01-18,52,8,2.4
2022-08-11,52,45,2.97
2022-08-07,52,196,2.8
2022-12-09,52,273,1.13
2022-11-13,53,18,3.03
2022-07-28,53,234,3.3
2022-06-25,53,84,3.14
2024-07-18,53,159,3.32
2022-01-09,53,270,4.02
2023-12-02,53,112,2.36
2023-09-02,53,232,2.73
2023-09-23,54,37,1.55
2023-05-28,54,92,2.54
2022-06-16,54,40,4.44
2023-10-05,54,60,3.7
2024-06-11,54,97,1.69
2024-06-14,54,21,3.71
2023-04-06,54,75,4.19
2023-05-09,54,147,1.36
2024-07-22,54,284,4.94
2023-09-01,54,96,4.29
2024-04-04,54,214,5.0
2022-03-04,54,224,4.87
2023-08-19,54,232,2.06
2022-06-16,55,171,4.28
2023-06-19,55,116,2.51
2022-06-11,55,229,4.08
2022-08-24,55,194,2.51
2023-02-20,55,237,3.91
2022-11-07,55,199,2.46
2023-12-06,55,144,2.18
2024-10-01,55,241,1.73
2024-12-17,55,18,2.4
2024-08-13,55,17,3.0
2022-08-30,55,260,4.2
2024-02-09,56,113,2.46
2024-05-21,56,114,1.62
2023-10-03,56,141,3.01
2022-09-17,56,285,4.69
2022-06-20,56,245,1.18
2023-09-28,56,125,2.35
2024-12-07,56,259,4.34
2023-07-07,56,150,3.37
2024-11-12,56,22,4.3
2024-12-02,56,105,4.99
2024-11-23,56,107,3.21
2022-07-04,56,140,2.02
2022-09-13,56,62,4.67
2023-08-18,57,123,4.0
2024-04-10,57,95,2.53
2024-02-15,57,162,3.15
2023-09-18,57,244,1.69
2023-12-17,57,265,4.42
2022-10-20,57,222,2.77
2024-03-20,57,7,3.17
2022-05-02,57,131,2.13
2023-11-06,57,289,3.94
2022-03-21,57,128,2.12
2023-02-22,57,285,1.7
2023-02-28,57,189,4.86
2022-04-25,57,167,3.13
2022-09-19,57,20,3.26
2024-02-17,58,22,1.61
2024-06-22,58,251,3.61
2023-05-11,58,18,2.09
2024-06-23,58,49,1.04
2024-11-14,58,170,4.97
2024-02-23,58,104,1.24
2024-11-01,58,224,3.01
2024-09-14,58,47,3.86
2023-11-05,58,54,1.02
2024-12-20,59,195,4.97
2022-12-11,59,226,1.06
2023-08-30,59,187,1.04
2022-07-08,59,6,3.35
2022-11-01,59,106,1.82
2024-03-04,59,252,3.98
2024-07-04,59,242,4.57
2024-11-24,59,109,4.91
2022-10-21,59,101,1.83
2023-12-29,59,213,2.29
2022-12-31,59,63,1.66
2024-02-08,59,157,1.49
2024-09-19,59,159,1.15
2022-01-11,60,211,2.67
2024-01-10,60,114,2.5
2023-01-17,60,74,1.73
2023-02-01,60,269,4.59
2024-01-06,60,117,4.66
2022-01-07,60,230,3.27
2022-07-01,60,170,4.53
2022-02-16,60,103,2.84
2022-12-27,60,140,3.5
2023-07-13,61,204,3.68
2023-01-14,61,198,2.1
2024-04-26,61,152,1.43
2024-12-28,61,35,3.11
2022-08-21,61,234,1.91
2022-09-04,61,147,3.13
2023-01-15,62,82,4.17
2022-12-06,62,91,1.16
2023-11-20,62,183,1.15
2024-11-24,62,164,3.22
2024-08-28,62,138,1.54
2023-09-06,62,240,1.86
2023-04-21,62,14,3.9
2022-11-07,62,106,2.87
2024-02-15,62,146,4.33
2022-11-04,62,208,2.31
2023-05-27,62,54,4.93
2023-07-03,63,42,3.57
2023-03-26,63,165,1.88
2023-07-18,63,180,1.17
2024-03-22,63,13,4.37
2024-03-04,63,251,1.31
2022-10-11,63,272,1.11
2023-07-04,63,195,4.36
2024-07-31,64,115,2.13
2024-12-25,64,28,3.58
2022-11-03,64,257,3.15
2022-07-13,64,282,1.21
2024-07-03,64,62,1.77
2023-08-07,64,95,3.85
2024-08-06,64,96,3.27
2024-04-12,64,182,2.96
2024-06-18,64,55,3.11
2022-05-22,65,108,2.31
2024-10-27,65,193,4.21
2024-01-04,65,126,4.47
2022-01-05,65,203,2.11
2022-06-21,66,157,2.23
2023-08-29,66,11,3.69
2022-04-28,66,188,2.21
2023-01-17,66,162,4.11
2023-04-23,66,2,4.67
2023-02-11,66,294,2.34
2023-01-31,66,76,2.72
2024-08-09,66,38,3.48
2022-06-15,66,36,3.91
2023-11-28,66,75,3.58
2022-06-11,66,177,2.47
2024-07-03,66,265,1.92
2022-03-19,66,127,3.5
2023-04-29,66,237,2.97
2023-03-11,66,38,2.42
2023-11-11,67,94,1.73
2024-09-30,67,113,4.89
2023-06-14,67,105,1.27
2024-04-17,67,210,4.03
2022-11-16,67,266,2.46
2023-10-10,67,76,4.11
2022-11-11,67,164,4.56
2022-03-18,67,25,3.28
2024-02-16,67,209,1.32
2022-12-28,67,217,2.54
2023-02-20,67,13,1.27
2024-09-16,67,136,1.99
2024-08-19,67,286,4.89
2024-06-22,68,26,1.12
2024-05-19,68,122,3.02
2022-05-20,68,187,4.88
2022-09-01,68,199,1.62
2024-10-21,68,93,3.29
2023-08-31,68,289,3.63
2023-05-17,68,20,3.73
2023-12-04,68,105,3.02
2024-05-26,68,140,3.91
2024-06-07,68,71,3.84
2024-10-26,68,280,1.81
2024-08-17,69,215,4.72
2023-03-18,69,279,2.45
2024-04-20,69,241,2.57
2024-11-29,69,79,1.6
2022-04-27,69,278,3.46
2022-05-17,69,229,1.15
2024-03-01,70,102,1.83
2022-05-30,70,123,1.65
2024-10-18,70,239,2.89
2022-01-04,70,18,3.48
2022-08-16,70,98,2.87
2024-11-22,70,240,3.7
2022-09-27,70,127,4.13
2022-02-03,70,39,4.15
2022-12-03,70,99,1.65
2023-03-31,71,283,4.15
2022-03-03,71,197,4.33
2023-01-26,71,215,4.54
2024-12-16,71,224,2.6
2023-03-15,71,294,4.66
2023-08-13,71,263,4.25
2022-09-09,71,112,1.91
2023-02-04,71,235,1.83
2024-09-01,71,217,1.37
2023-02-04,71,31,2.5
2024-04-26,71,111,2.42
2022-04-25,71,188,1.53
2023-05-30,71,156,2.49
2024-03-15,72,95,2.78
2023-02-26,72,10,4.28
2023-12-27,72,141,1.53
2022-05-31,72,61,4.5
2024-08-27,72,48,2.96
2022-02-24,72,235,3.11
2023-11-21,72,89,2.03
2024-01-15,72,42,2.03
2023-08-15,72,246,1.06
2022-01-21,72,188,3.27
2023-07-19,72,78,4.68
2022-12-29,72,189,3.4
2022-05-16,73,95,3.36
2022-03-07,73,148,2.59
2022-09-23,73,207,3.16
2023-05-05,73,88,3.22
2022-02-27,73,296,2.19
2022-12-06,73,153,4.23
2022-05-23,73,123,1.45
2022-01-29,74,10,4.18
2023-10-02,74,240,1.67
2024-05-15,74,152,4.62
2024-11-09,74,48,2.99
2023-08-24,74,267,1.84
2023-03-10,75,197,2.32
2024-01-21,75,281,2.54
2022-12-22,75,107,1.3
2023-07-31,75,92,2.25
2022-08-13,75,259,4.5
2023-12-05,75,199,2.27
2022-03-25,75,182,4.96
2023-09-16,75,58,1.67
2022-05-28,75,74,2.66
2022-11-12,76,279,1.2
2022-06-20,76,61,3.37
2023-02-04,76,199,2.11
2024-06-19,76,21,4.15
2024-08-21,76,11,2.24
2024-03-12,76,39,4.64
2024-06-28,76,22,1.5
2023-07-23,76,170,2.82
2024-08-28,76,279,3.62
2023-12-22,76,29,1.5
2023-10-23,77,64,1.51
2024-01-16,77,138,4.49
2023-09-22,77,5,4.5
2022-12-19,77,266,4.91
2023-08-09,77,48,3.82
2022-01-31,77,245,4.66
2022-06-27,77,265,2.13
2022-05-27,77,128,2.92
2024-08-19,77,252,2.99
2024-12-13,77,48,3.62
2024-05-03,78,97,1.64
2022-02-17,78,279,1.67
2023-07-16,78,196,4.77
2024-06-22,78,273,3.03
2022-07-21,78,13,2.89
2023-05-18,78,160,1.68
2024-01-04,78,6,1.7
2022-07-20,79,45,3.56
2023-12-29,79,65,3.13
2022-01-17,79,294,3.8
2022-10-07,79,27,1.99
2023-07-17,79,269,4.19
2022-07-04,79,157,1.31
2022-03-12,79,140,1.0
2023-04-12,79,68,4.23
2024-09-25,79,81,4.88
2022-09-23,79,39,2.7
2023-02-17,80,134,2.61
2024-05-09,80,299,2.81
2023-07-31,80,145,3.81
2022-10-27,80,107,2.85
2024-04-27,80,5,2.16
2023-01-23,80,239,3.39
2024-07-13,80,45,4.2
2022-07-30,80,186,2.53
2022-07-06,81,125,1.16
2024-05-15,81,260,3.69
2024-09-24,81,193,1.13
2024-07-27,81,188,2.13
2022-12-31,81,121,4.91
2024-10-24,81,33,4.76
2024-09-22,81,106,2.41
2024-01-25,81,298,4.61
2022-06-28,81,231,4.44
2024-03-05,81,171,3.14
2023-05-27,81,25,4.67
2023-01-15,81,258,2.06
2023-05-11,82,228,3.94
2023-06-21,82,118,4.64
2023-11-15,82,166,1.32
2023-02-23,82,97,1.52
2023-01-15,82,97,2.98
2023-10-04,83,49,3.77
2024-11-11,83,198,4.02
2023-10-15,83,286,4.09
2024-01-18,83,111,1.5
2024-09-13,83,103,1.88
2023-07-06,84,120,2.44
2022-03-22,84,231,4.66
2022-11-01,84,95,1.18
2023-10-24,84,84,2.63
2023-05-20,84,71,3.59
2023-01-22,84,43,3.66
2022-04-20,84,235,1.58
2023-12-21,84,82,2.0
2023-12-06,84,133,3.86
2023-10-12,84,4,3.76
2024-08-02,84,192,3.58
2024-06-08,85,151,1.44
2022-05-28,85,10,1.27
2022-02-20,85,253,1.65
2022-04-23,85,220,2.52
2022-04-12,85,232,4.94
2023-05-16,86,244,2.15
2024-11-17,86,244,2.37
2022-07-28,86,208,1.7
2024-02-02,86,179,2.98
2022-01-29,86,64,4.22
2022-02-22,86,15,2.31
2024-03-31,86,60,4.11
2024-02-05,86,3,3.23
2024-03-02,86,261,3.04
2023-08-17,86,281,2.62
2023-05-19,86,171,3.53
2022-12-27,86,66,2.56
2022-08-21,87,33,2.44
2022-04-22,87,16,4.71
2024-09-21,87,61,2.48
2022-06-22,87,147,1.78
2023-08-14,87,200,1.06
2023-08-07,87,170,1.87
2023-11-22,87,168,4.68
2023-06-04,87,8,4.72
2024-01-01,88,15,4.14
2024-04-28,88,242,4.69
2024-09-27,88,92,1.62
2022-12-26,88,36,3.01
2023-08-01,88,62,1.1
2022-12-16,88,100,3.89
2024-07-19,88,261,3.47
2022-04-03,88,139,4.65
2022-04-21,88,64,1.08
2023-08-21,88,55,3.23
2024-03-18,88,84,2.36
2022-01-25,88,223,1.62
2024-04-17,88,179,1.68
2023-06-06,88,75,2.8
2023-01-08,89,55,2.79
2022-03-07,89,125,1.48
2024-01-12,89,215,1.46
2024-07-12,89,7,1.97
2023-03-25,89,249,3.13
2024-12-06,89,151,4.7
2022-10-24,89,233,3.38
2024-08-12,89,11,2.41
2022-07-29,89,50,1.65
2024-10-08,89,287,1.71
2023-05-21,90,277,4.29
2024-06-26,90,279,1.89
2022-10-02,90,293,1.67
2023-11-18,90,218,2.33
2024-04-02,90,79,4.04
2022-10-21,90,243,3.87
2024-12-06,90,27,1.38
2024-10-11,90,154,3.85
2024-01-26,90,57,3.45
2023-02-22,90,54,2.74
2024-03-22,90,151,2.34
2022-05-11,90,14,4.7
2022-06-13,90,115,4.76
2022-06-01,90,210,2.55
2022-02-05,90,16,1.39
2022-04-21,90,274,3.34
2022-06-26,91,205,3.21
2024-03-30,91,246,2.92
2022-08-13,91,4,4.32
2024-11-17,91,133,4.58
2023-08-20,91,45,3.72
2024-05-19,91,15,1.87
2024-07-11,92,211,4.33
2023-05-08,92,27,1.07
2023-07-10,92,139,2.14
2022-10-09,92,157,3.45
2024-01-15,92,69,2.91
2024-08-17,92,297,1.22
2023-03-22,92,87,4.88
2023-05-03,92,39,4.61
2022-03-27,92,79,2.65
2023-08-27,92,260,1.48
2022-11-15,92,288,4.6
2024-12-07,92,239,4.45
2024-02-20,92,140,1.64
2023-09-16,93,28,1.42
2023-01-31,93,85,1.85
2024-09-09,93,130,2.19
2022-10-05,93,192,3.02
2024-09-13,93,104,1.07
2024-04-19,93,169,3.78
2022-06-21,93,148,4.83
2023-09-15,93,271,4.23
2022-07-14,93,279,1.97
2022-06-19,93,188,3.79
2024-01-06,93,145,3.01
2024-07-14,93,129,4.19
2023-02-25,93,254,1.15
2022-12-10,93,260,1.59
2023-08-21,93,185,3.88
2023-01-14,93,290,2.62
2024-05-13,94,23,3.41
2023-09-22,94,172,2.62
2022-08-15,94,52,3.07
2024-08-20,94,250,2.47
2023-08-28,94,131,2.96
2024-09-07,94,160,2.75
2023-07-16,94,7,3.48
2023-06-29,94,84,2.11
2023-03-04,94,25,2.41
2022-07-10,95,189,2.72
2024-08-26,95,184,2.61
2024-10-04,95,242,1.81
2022-07-07,95,191,4.12
2023-06-02,95,66,1.2
2024-10-11,95,154,4.98
2023-01-31,95,76,2.67
2023-12-15,95,106,4.41
2024-01-29,95,13,3.95
2023-09-20,95,262,4.19
2022-02-09,96,139,2.13
2024-03-06,96,297,4.88
2023-11-20,96,239,4.16
2022-06-01,96,234,2.97
2023-12-12,96,288,4.25
2024-07-03,96,156,1.39
2023-11-06,96,49,2.0
2024-04-23,96,261,1.32
2024-01-18,96,143,1.51
2024-07-01,96,39,4.91
2024-05-12,96,105,3.23
2024-09-06,96,160,3.47
2023-01-10,96,149,4.25
2024-07-14,97,60,3.1
2022-01-24,97,250,1.22
2023-02-17,97,125,1.38
2022-02-01,97,175,4.92
2023-08-19,97,283,1.73
2022-06-24,97,199,1.78
2024-04-06,97,282,2.19
2022-12-09,97,111,3.0
2023-12-11,97,245,3.07
2022-02-22,97,131,3.43
2023-04-02,97,192,3.08
2023-01-05,97,151,4.17
2022-03-03,97,222,2.35
2024-11-09,98,173,1.75
2023-07-13,98,158,4.83
2023-10-14,98,64,4.55
2023-04-16,98,99,2.82
2024-11-17,98,297,2.12
2023-03-26,98,49,1.91
2023-04-05,98,127,1.44
2024-05-22,98,47,4.5
2023-12-20,98,113,1.77
2022-11-03,98,152,1.62
2022-05-26,98,255,1.34
2024-08-06,98,180,3.51
2022-10-29,98,35,4.46
2023-03-14,98,27,4.15
2022-10-30,98,15,2.85
2024-02-14,99,201,3.5
2023-02-22,99,71,4.48
2023-05-30,99,143,3.31
2023-10-02,99,167,2.17
2022-02-16,99,281,3.15
2023-02-18,99,228,3.77
2023-01-13,99,260,4.89
2023-04-15,99,157,1.07
2022-09-07,100,175,1.09
2023-05-30,100,84,2.2
2023-06-19,100,91,4.07
2022-10-13,100,56,4.66
2022-08-25,100,4,3.4
2022-04-15,100,58,1.75
2022-06-20,100,230,3.59
2024-06-30,100,201,1.6
2024-10-28,100,50,2.57
2024-11-11,100,250,4.56
2023-06-23,100,83,1.78
2022-12-03,100,287,2.19
2023-01-21,100,257,2.48
